Farine;Sucre;Beurre;Vanille;Cassonade;Oeuf;Levure;Lait;Sel;Chocolat;Temperature;Duree_cuisson;Ordre;Note
0.304259635;0.172413793;0.172413793;0.020283976;0.000000000;0.107505071;0.010141988;0.000000000;0.010141988;0.202839757;180.000000000;10.000000000;beurre sucre oeuf farine levure sel chocolat;0.92
0.428816467;0.137221269;0.171526587;0.000000000;0.000000000;0.090909091;0.017152659;0.000000000;0.000000000;0.154373928;200.000000000;10.000000000;farine sucre levure oeuf beurre chocolat;0.92
